sample	type	platform	barcode	machine	flowcell	lane	fastq1	fastq2	adapter
13011-x0-S38	T	miseq	GCCGAACTTG+GGACGAGATC	@M00668	000000000-DH34R	L001	/archive/pgx/20220830_Pharmacology_validation_samples/fastq/13011-x0-S38_R1_001.fastq.gz	/archive/pgx/20220830_Pharmacology_validation_samples/fastq/13011-x0-S38_R2_001.fastq.gz	AGATCGGAAGAGCACACGTCTGAACTCCAGTCA,AGATCGGAAGAGCGTCGTGTAGGGAAAGAGTGT
CYP2C19-17-S31	T	miseq	GTCCTTGGTG+TGTCAAGAGG	@M00668	000000000-DH34R	L001	/archive/pgx/20220830_Pharmacology_validation_samples/fastq/CYP2C19-17-S31_R1_001.fastq.gz	/archive/pgx/20220830_Pharmacology_validation_samples/fastq/CYP2C19-17-S31_R2_001.fastq.gz	AGATCGGAAGAGCACACGTCTGAACTCCAGTCA,AGATCGGAAGAGCGTCGTGTAGGGAAAGAGTGT
CYP2C19-2-S29	T	miseq	ATGGAAGTGG+TTCGTAGGTG	@M00668	000000000-DH34R	L001	/archive/pgx/20220830_Pharmacology_validation_samples/fastq/CYP2C19-2-S29_R1_001.fastq.gz	/archive/pgx/20220830_Pharmacology_validation_samples/fastq/CYP2C19-2-S29_R2_001.fastq.gz	AGATCGGAAGAGCACACGTCTGAACTCCAGTCA,AGATCGGAAGAGCGTCGTGTAGGGAAAGAGTGT
CYP2C19-4-S30	T	miseq	TGAGATCACA+GCACGGTACA	@M00668	000000000-DH34R	L001	/archive/pgx/20220830_Pharmacology_validation_samples/fastq/CYP2C19-4-S30_R1_001.fastq.gz	/archive/pgx/20220830_Pharmacology_validation_samples/fastq/CYP2C19-4-S30_R2_001.fastq.gz	AGATCGGAAGAGCACACGTCTGAACTCCAGTCA,AGATCGGAAGAGCGTCGTGTAGGGAAAGAGTGT
CYP2C9-2-S27	T	miseq	ACTAGTGCTT+AGAACAGAGT	@M00668	000000000-DH34R	L001	/archive/pgx/20220830_Pharmacology_validation_samples/fastq/CYP2C9-2-S27_R1_001.fastq.gz	/archive/pgx/20220830_Pharmacology_validation_samples/fastq/CYP2C9-2-S27_R2_001.fastq.gz	AGATCGGAAGAGCACACGTCTGAACTCCAGTCA,AGATCGGAAGAGCGTCGTGTAGGGAAAGAGTGT
CYP2C9-3-S28	T	miseq	CGTGGAACAC+CCATCTGTTC	@M00668	000000000-DH34R	L001	/archive/pgx/20220830_Pharmacology_validation_samples/fastq/CYP2C9-3-S28_R1_001.fastq.gz	/archive/pgx/20220830_Pharmacology_validation_samples/fastq/CYP2C9-3-S28_R2_001.fastq.gz	AGATCGGAAGAGCACACGTCTGAACTCCAGTCA,AGATCGGAAGAGCGTCGTGTAGGGAAAGAGTGT
CYP2D6-3-S32	T	miseq	GAGCGTGGAA+TCTAAGGTAC	@M00668	000000000-DH34R	L001	/archive/pgx/20220830_Pharmacology_validation_samples/fastq/CYP2D6-3-S32_R1_001.fastq.gz	/archive/pgx/20220830_Pharmacology_validation_samples/fastq/CYP2D6-3-S32_R2_001.fastq.gz	AGATCGGAAGAGCACACGTCTGAACTCCAGTCA,AGATCGGAAGAGCGTCGTGTAGGGAAAGAGTGT
D6-x1-S34	T	miseq	TGGTTGTACA+CGCTACCATC	@M00668	000000000-DH34R	L001	/archive/pgx/20220830_Pharmacology_validation_samples/fastq/D6-x1-S34_R1_001.fastq.gz	/archive/pgx/20220830_Pharmacology_validation_samples/fastq/D6-x1-S34_R2_001.fastq.gz	AGATCGGAAGAGCACACGTCTGAACTCCAGTCA,AGATCGGAAGAGCGTCGTGTAGGGAAAGAGTGT
D6-x2-S35	T	miseq	ATCACTCACA+TTACGGTAAC	@M00668	000000000-DH34R	L001	/archive/pgx/20220830_Pharmacology_validation_samples/fastq/D6-x2-S35_R1_001.fastq.gz	/archive/pgx/20220830_Pharmacology_validation_samples/fastq/D6-x2-S35_R2_001.fastq.gz	AGATCGGAAGAGCACACGTCTGAACTCCAGTCA,AGATCGGAAGAGCGTCGTGTAGGGAAAGAGTGT
D6-x3-S36	T	miseq	CGGAGGTAGA+TTCAGATGGA	@M00668	000000000-DH34R	L001	/archive/pgx/20220830_Pharmacology_validation_samples/fastq/D6-x3-S36_R1_001.fastq.gz	/archive/pgx/20220830_Pharmacology_validation_samples/fastq/D6-x3-S36_R2_001.fastq.gz	AGATCGGAAGAGCACACGTCTGAACTCCAGTCA,AGATCGGAAGAGCGTCGTGTAGGGAAAGAGTGT
D6-x4-S37	T	miseq	GAGTTGACAA+TAGCATCTGT	@M00668	000000000-DH34R	L001	/archive/pgx/20220830_Pharmacology_validation_samples/fastq/D6-x4-S37_R1_001.fastq.gz	/archive/pgx/20220830_Pharmacology_validation_samples/fastq/D6-x4-S37_R2_001.fastq.gz	AGATCGGAAGAGCACACGTCTGAACTCCAGTCA,AGATCGGAAGAGCGTCGTGTAGGGAAAGAGTGT
LIN1-S3	T	miseq	CCGCTACCAA+TTACCTCAGT	@M00668	000000000-DH34R	L001	/archive/pgx/20220830_Pharmacology_validation_samples/fastq/LIN1-S3_R1_001.fastq.gz	/archive/pgx/20220830_Pharmacology_validation_samples/fastq/LIN1-S3_R2_001.fastq.gz	AGATCGGAAGAGCACACGTCTGAACTCCAGTCA,AGATCGGAAGAGCGTCGTGTAGGGAAAGAGTGT
LIN10-S12	T	miseq	ACATACGTGA+GCGTTACAGA	@M00668	000000000-DH34R	L001	/archive/pgx/20220830_Pharmacology_validation_samples/fastq/LIN10-S12_R1_001.fastq.gz	/archive/pgx/20220830_Pharmacology_validation_samples/fastq/LIN10-S12_R2_001.fastq.gz	AGATCGGAAGAGCACACGTCTGAACTCCAGTCA,AGATCGGAAGAGCGTCGTGTAGGGAAAGAGTGT
LIN11-S13	T	miseq	CTTGATATCC+TCCAGACATT	@M00668	000000000-DH34R	L001	/archive/pgx/20220830_Pharmacology_validation_samples/fastq/LIN11-S13_R1_001.fastq.gz	/archive/pgx/20220830_Pharmacology_validation_samples/fastq/LIN11-S13_R2_001.fastq.gz	AGATCGGAAGAGCACACGTCTGAACTCCAGTCA,AGATCGGAAGAGCGTCGTGTAGGGAAAGAGTGT
LIN12-S14	T	miseq	CAGCCGATGT+TCGAACTCTT	@M00668	000000000-DH34R	L001	/archive/pgx/20220830_Pharmacology_validation_samples/fastq/LIN12-S14_R1_001.fastq.gz	/archive/pgx/20220830_Pharmacology_validation_samples/fastq/LIN12-S14_R2_001.fastq.gz	AGATCGGAAGAGCACACGTCTGAACTCCAGTCA,AGATCGGAAGAGCGTCGTGTAGGGAAAGAGTGT
LIN13-S1	T	miseq	CCGATAGTCG+ATGTTCACGT	@M00668	000000000-DH34R	L001	/archive/pgx/20220830_Pharmacology_validation_samples/fastq/LIN13-S1_R1_001.fastq.gz	/archive/pgx/20220830_Pharmacology_validation_samples/fastq/LIN13-S1_R2_001.fastq.gz	AGATCGGAAGAGCACACGTCTGAACTCCAGTCA,AGATCGGAAGAGCGTCGTGTAGGGAAAGAGTGT
LIN14-S15	T	miseq	TCATGCGCTA+ACCTTCTCGG	@M00668	000000000-DH34R	L001	/archive/pgx/20220830_Pharmacology_validation_samples/fastq/LIN14-S15_R1_001.fastq.gz	/archive/pgx/20220830_Pharmacology_validation_samples/fastq/LIN14-S15_R2_001.fastq.gz	AGATCGGAAGAGCACACGTCTGAACTCCAGTCA,AGATCGGAAGAGCGTCGTGTAGGGAAAGAGTGT
LIN15-S2	T	miseq	CAAGATCGAA+TTCGATGGTT	@M00668	000000000-DH34R	L001	/archive/pgx/20220830_Pharmacology_validation_samples/fastq/LIN15-S2_R1_001.fastq.gz	/archive/pgx/20220830_Pharmacology_validation_samples/fastq/LIN15-S2_R2_001.fastq.gz	AGATCGGAAGAGCACACGTCTGAACTCCAGTCA,AGATCGGAAGAGCGTCGTGTAGGGAAAGAGTGT
LIN15REOETITION-S42	T	miseq	AGGCTATGTT+ATGTCCACCG	@M00668	000000000-DH34R	L001	/archive/pgx/20220830_Pharmacology_validation_samples/fastq/LIN15REOETITION-S42_R1_001.fastq.gz	/archive/pgx/20220830_Pharmacology_validation_samples/fastq/LIN15REOETITION-S42_R2_001.fastq.gz	AGATCGGAAGAGCACACGTCTGAACTCCAGTCA,AGATCGGAAGAGCGTCGTGTAGGGAAAGAGTGT
LIN16-S16	T	miseq	ACTCCGTCCA+AGACGCCAAC	@M00668	000000000-DH34R	L001	/archive/pgx/20220830_Pharmacology_validation_samples/fastq/LIN16-S16_R1_001.fastq.gz	/archive/pgx/20220830_Pharmacology_validation_samples/fastq/LIN16-S16_R2_001.fastq.gz	AGATCGGAAGAGCACACGTCTGAACTCCAGTCA,AGATCGGAAGAGCGTCGTGTAGGGAAAGAGTGT
LIN17-S17	T	miseq	GACAGCCTTG+CAACCGTAAT	@M00668	000000000-DH34R	L001	/archive/pgx/20220830_Pharmacology_validation_samples/fastq/LIN17-S17_R1_001.fastq.gz	/archive/pgx/20220830_Pharmacology_validation_samples/fastq/LIN17-S17_R2_001.fastq.gz	AGATCGGAAGAGCACACGTCTGAACTCCAGTCA,AGATCGGAAGAGCGTCGTGTAGGGAAAGAGTGT
LIN18-S18	T	miseq	CGGTTATCTG+TTATGCGTTG	@M00668	000000000-DH34R	L001	/archive/pgx/20220830_Pharmacology_validation_samples/fastq/LIN18-S18_R1_001.fastq.gz	/archive/pgx/20220830_Pharmacology_validation_samples/fastq/LIN18-S18_R2_001.fastq.gz	AGATCGGAAGAGCACACGTCTGAACTCCAGTCA,AGATCGGAAGAGCGTCGTGTAGGGAAAGAGTGT
LIN19-S19	T	miseq	TACTCCACGG+CTATGAGAAC	@M00668	000000000-DH34R	L001	/archive/pgx/20220830_Pharmacology_validation_samples/fastq/LIN19-S19_R1_001.fastq.gz	/archive/pgx/20220830_Pharmacology_validation_samples/fastq/LIN19-S19_R2_001.fastq.gz	AGATCGGAAGAGCACACGTCTGAACTCCAGTCA,AGATCGGAAGAGCGTCGTGTAGGGAAAGAGTGT
LIN2-S4	T	miseq	CTGAACCTCC+CAGGCATTGT	@M00668	000000000-DH34R	L001	/archive/pgx/20220830_Pharmacology_validation_samples/fastq/LIN2-S4_R1_001.fastq.gz	/archive/pgx/20220830_Pharmacology_validation_samples/fastq/LIN2-S4_R2_001.fastq.gz	AGATCGGAAGAGCACACGTCTGAACTCCAGTCA,AGATCGGAAGAGCGTCGTGTAGGGAAAGAGTGT
LIN20-S20	T	miseq	ACTTCCGGCA+AAGTTACACG	@M00668	000000000-DH34R	L001	/archive/pgx/20220830_Pharmacology_validation_samples/fastq/LIN20-S20_R1_001.fastq.gz	/archive/pgx/20220830_Pharmacology_validation_samples/fastq/LIN20-S20_R2_001.fastq.gz	AGATCGGAAGAGCACACGTCTGAACTCCAGTCA,AGATCGGAAGAGCGTCGTGTAGGGAAAGAGTGT
LIN21-S21	T	miseq	GTGAAGCTGC+GCAATGTGAG	@M00668	000000000-DH34R	L001	/archive/pgx/20220830_Pharmacology_validation_samples/fastq/LIN21-S21_R1_001.fastq.gz	/archive/pgx/20220830_Pharmacology_validation_samples/fastq/LIN21-S21_R2_001.fastq.gz	AGATCGGAAGAGCACACGTCTGAACTCCAGTCA,AGATCGGAAGAGCGTCGTGTAGGGAAAGAGTGT
LIN22-S22	T	miseq	TTGCTCTTCT+CGAAGTCGCA	@M00668	000000000-DH34R	L001	/archive/pgx/20220830_Pharmacology_validation_samples/fastq/LIN22-S22_R1_001.fastq.gz	/archive/pgx/20220830_Pharmacology_validation_samples/fastq/LIN22-S22_R2_001.fastq.gz	AGATCGGAAGAGCACACGTCTGAACTCCAGTCA,AGATCGGAAGAGCGTCGTGTAGGGAAAGAGTGT
LIN23-S23	T	miseq	AACGCACGTA+CCTGATTCAA	@M00668	000000000-DH34R	L001	/archive/pgx/20220830_Pharmacology_validation_samples/fastq/LIN23-S23_R1_001.fastq.gz	/archive/pgx/20220830_Pharmacology_validation_samples/fastq/LIN23-S23_R2_001.fastq.gz	AGATCGGAAGAGCACACGTCTGAACTCCAGTCA,AGATCGGAAGAGCGTCGTGTAGGGAAAGAGTGT
LIN24-S24	T	miseq	TTACTGCAGG+TAGAACGTGC	@M00668	000000000-DH34R	L001	/archive/pgx/20220830_Pharmacology_validation_samples/fastq/LIN24-S24_R1_001.fastq.gz	/archive/pgx/20220830_Pharmacology_validation_samples/fastq/LIN24-S24_R2_001.fastq.gz	AGATCGGAAGAGCACACGTCTGAACTCCAGTCA,AGATCGGAAGAGCGTCGTGTAGGGAAAGAGTGT
LIN25-S25	T	miseq	CCAGTTGAGG+TTCGCAAGGT	@M00668	000000000-DH34R	L001	/archive/pgx/20220830_Pharmacology_validation_samples/fastq/LIN25-S25_R1_001.fastq.gz	/archive/pgx/20220830_Pharmacology_validation_samples/fastq/LIN25-S25_R2_001.fastq.gz	AGATCGGAAGAGCACACGTCTGAACTCCAGTCA,AGATCGGAAGAGCGTCGTGTAGGGAAAGAGTGT
LIN26-S26	T	miseq	TGTGCGTTAA+TTAATGCCGA	@M00668	000000000-DH34R	L001	/archive/pgx/20220830_Pharmacology_validation_samples/fastq/LIN26-S26_R1_001.fastq.gz	/archive/pgx/20220830_Pharmacology_validation_samples/fastq/LIN26-S26_R2_001.fastq.gz	AGATCGGAAGAGCACACGTCTGAACTCCAGTCA,AGATCGGAAGAGCGTCGTGTAGGGAAAGAGTGT
LIN3-S5	T	miseq	GGCCTTGTTA+GTGTTCCACG	@M00668	000000000-DH34R	L001	/archive/pgx/20220830_Pharmacology_validation_samples/fastq/LIN3-S5_R1_001.fastq.gz	/archive/pgx/20220830_Pharmacology_validation_samples/fastq/LIN3-S5_R2_001.fastq.gz	AGATCGGAAGAGCACACGTCTGAACTCCAGTCA,AGATCGGAAGAGCGTCGTGTAGGGAAAGAGTGT
LIN4-S6	T	miseq	TTAACGCAGA+TTGATCCGCC	@M00668	000000000-DH34R	L001	/archive/pgx/20220830_Pharmacology_validation_samples/fastq/LIN4-S6_R1_001.fastq.gz	/archive/pgx/20220830_Pharmacology_validation_samples/fastq/LIN4-S6_R2_001.fastq.gz	AGATCGGAAGAGCACACGTCTGAACTCCAGTCA,AGATCGGAAGAGCGTCGTGTAGGGAAAGAGTGT
LIN5-S7	T	miseq	AGGTAGTGCG+GGAGGCTGAT	@M00668	000000000-DH34R	L001	/archive/pgx/20220830_Pharmacology_validation_samples/fastq/LIN5-S7_R1_001.fastq.gz	/archive/pgx/20220830_Pharmacology_validation_samples/fastq/LIN5-S7_R2_001.fastq.gz	AGATCGGAAGAGCACACGTCTGAACTCCAGTCA,AGATCGGAAGAGCGTCGTGTAGGGAAAGAGTGT
LIN6-S8	T	miseq	CGTGTAACTT+AACGTGACAA	@M00668	000000000-DH34R	L001	/archive/pgx/20220830_Pharmacology_validation_samples/fastq/LIN6-S8_R1_001.fastq.gz	/archive/pgx/20220830_Pharmacology_validation_samples/fastq/LIN6-S8_R2_001.fastq.gz	AGATCGGAAGAGCACACGTCTGAACTCCAGTCA,AGATCGGAAGAGCGTCGTGTAGGGAAAGAGTGT
LIN7-S9	T	miseq	ACTTGTGACG+CACAAGCTCC	@M00668	000000000-DH34R	L001	/archive/pgx/20220830_Pharmacology_validation_samples/fastq/LIN7-S9_R1_001.fastq.gz	/archive/pgx/20220830_Pharmacology_validation_samples/fastq/LIN7-S9_R2_001.fastq.gz	AGATCGGAAGAGCACACGTCTGAACTCCAGTCA,AGATCGGAAGAGCGTCGTGTAGGGAAAGAGTGT
LIN8-S10	T	miseq	CCATGCGTTG+CCGTGTTGTC	@M00668	000000000-DH34R	L001	/archive/pgx/20220830_Pharmacology_validation_samples/fastq/LIN8-S10_R1_001.fastq.gz	/archive/pgx/20220830_Pharmacology_validation_samples/fastq/LIN8-S10_R2_001.fastq.gz	AGATCGGAAGAGCACACGTCTGAACTCCAGTCA,AGATCGGAAGAGCGTCGTGTAGGGAAAGAGTGT
LIN9-S11	T	miseq	CCTTGTAGCG+TTGAGCCAGC	@M00668	000000000-DH34R	L001	/archive/pgx/20220830_Pharmacology_validation_samples/fastq/LIN9-S11_R1_001.fastq.gz	/archive/pgx/20220830_Pharmacology_validation_samples/fastq/LIN9-S11_R2_001.fastq.gz	AGATCGGAAGAGCACACGTCTGAACTCCAGTCA,AGATCGGAAGAGCGTCGTGTAGGGAAAGAGTGT
NA12878-S41	T	miseq	TCCGACGATT+CCGGATACCA	@M00668	000000000-DH34R	L001	/archive/pgx/20220830_Pharmacology_validation_samples/fastq/NA12878-S41_R1_001.fastq.gz	/archive/pgx/20220830_Pharmacology_validation_samples/fastq/NA12878-S41_R2_001.fastq.gz	AGATCGGAAGAGCACACGTCTGAACTCCAGTCA,AGATCGGAAGAGCGTCGTGTAGGGAAAGAGTGT
Pos-2D6-3-S39	T	miseq	AGGCCTCACA+AGGTTCTGTT	@M00668	000000000-DH34R	L001	/archive/pgx/20220830_Pharmacology_validation_samples/fastq/Pos-2D6-3-S39_R1_001.fastq.gz	/archive/pgx/20220830_Pharmacology_validation_samples/fastq/Pos-2D6-3-S39_R2_001.fastq.gz	AGATCGGAAGAGCACACGTCTGAACTCCAGTCA,AGATCGGAAGAGCGTCGTGTAGGGAAAGAGTGT
Pos-2D6-4-S40	T	miseq	TCTCTGTTAG+CATACTCGTG	@M00668	000000000-DH34R	L001	/archive/pgx/20220830_Pharmacology_validation_samples/fastq/Pos-2D6-4-S40_R1_001.fastq.gz	/archive/pgx/20220830_Pharmacology_validation_samples/fastq/Pos-2D6-4-S40_R2_001.fastq.gz	AGATCGGAAGAGCACACGTCTGAACTCCAGTCA,AGATCGGAAGAGCGTCGTGTAGGGAAAGAGTGT
Pos-2D6-6-S33	T	miseq	CACACGCTGT+GAACGGAGAC	@M00668	000000000-DH34R	L001	/archive/pgx/20220830_Pharmacology_validation_samples/fastq/Pos-2D6-6-S33_R1_001.fastq.gz	/archive/pgx/20220830_Pharmacology_validation_samples/fastq/Pos-2D6-6-S33_R2_001.fastq.gz	AGATCGGAAGAGCACACGTCTGAACTCCAGTCA,AGATCGGAAGAGCGTCGTGTAGGGAAAGAGTGT